{
    "0": {
        "precision": 0.882999622213827,
        "recall": 0.9595615403563511,
        "f1-score": 0.9196899346816715,
        "support": 24358.0
    },
    "1": {
        "precision": 0.9639022245025104,
        "recall": 0.8946562808258784,
        "f1-score": 0.9279892742476097,
        "support": 29399.0
    },
    "accuracy": 0.9240657030712279,
    "macro avg": {
        "precision": 0.9234509233581687,
        "recall": 0.9271089105911148,
        "f1-score": 0.9238396044646406,
        "support": 53757.0
    },
    "weighted avg": {
        "precision": 0.9272441969610227,
        "recall": 0.9240657030712279,
        "f1-score": 0.9242287349104605,
        "support": 53757.0
    },
    "threshold_used": 0.999663141048162,
    "threshold_policy": "P_min_95_R_min_95"
}