{
    "0": {
        "precision": 0.0,
        "recall": 0.0,
        "f1-score": 0.0,
        "support": 0.0
    },
    "1": {
        "precision": 1.0,
        "recall": 0.7666666666666667,
        "f1-score": 0.8679245283018868,
        "support": 1500.0
    },
    "accuracy": 0.7666666666666667,
    "macro avg": {
        "precision": 0.5,
        "recall": 0.38333333333333336,
        "f1-score": 0.4339622641509434,
        "support": 1500.0
    },
    "weighted avg": {
        "precision": 1.0,
        "recall": 0.7666666666666667,
        "f1-score": 0.8679245283018868,
        "support": 1500.0
    },
    "threshold_used": 0.85,
    "threshold_policy": "R_min_98_P_min_90"
}