{
    "0": {
        "precision": 0.0,
        "recall": 0.0,
        "f1-score": 0.0,
        "support": 0.0
    },
    "1": {
        "precision": 1.0,
        "recall": 0.8646666666666667,
        "f1-score": 0.9274222381122631,
        "support": 1500.0
    },
    "accuracy": 0.8646666666666667,
    "macro avg": {
        "precision": 0.5,
        "recall": 0.43233333333333335,
        "f1-score": 0.46371111905613155,
        "support": 1500.0
    },
    "weighted avg": {
        "precision": 1.0,
        "recall": 0.8646666666666667,
        "f1-score": 0.9274222381122631,
        "support": 1500.0
    },
    "threshold_used": 0.2748222351074219,
    "threshold_policy": "R_min_98_P_min_90"
}