{
    "best_policy_name": "R_min_98_P_min_90",
    "final_threshold": 0.2748222351074219,
    "metrics_at_final_threshold": {
        "threshold": 0.2748222351074219,
        "Precision": 0.9949544719933777,
        "Recall": 0.992255680478025,
        "F1-Score": 0.9936032436475288
    },
    "all_policy_metrics": {
        "R_min_98_P_min_90": {
            "threshold": 0.2748222351074219,
            "Precision": 0.9949544719933777,
            "Recall": 0.992255680478025,
            "F1-Score": 0.9936032436475288
        },
        "P_min_90_R_min_90": {
            "threshold": 0.2748222351074219,
            "Precision": 0.9949544719933777,
            "Recall": 0.992255680478025,
            "F1-Score": 0.9936032436475288
        },
        "R_min_95_P_min_95": {
            "threshold": 0.2748222351074219,
            "Precision": 0.9949544719933777,
            "Recall": 0.992255680478025,
            "F1-Score": 0.9936032436475288
        },
        "P_min_98_R_min_90": {
            "threshold": 0.2748222351074219,
            "Precision": 0.9949544719933777,
            "Recall": 0.992255680478025,
            "F1-Score": 0.9936032436475288
        }
    }
}